idx,name,photo_url
1003908988,"Vinay K. Aakalu MD, MPH",/membership/profile/1003908988/avatar.jpg
1003909360,Ari D. Abel MD,/membership/profile/1003909360/avatar.jpg
1003909556,James L. Adams MD,/membership/profile/1003909556/avatar.jpg
1003909076,Gary L. Aguilar MD,/membership/profile/1003909076/avatar.jpg
1003909589,Norman C. Ahl MD,/membership/profile/1003909589/avatar.jpg
1003909232,Amjad Z. Ahmad MD,/membership/profile/1003909232/avatar.jpg
1003908716,Eric Sooyong Ahn ,/membership/profile/1003908716/avatar.jpg
1003909020,"Audrey E. Ahuero MD, FACS",/membership/profile/1003909020/avatar.jpg
1003908837,Chris R. Alabiad MD,/membership/profile/1003908837/avatar.jpg
1005068529,Mark  Alford MD,/membership/profile/1005068529/avatar.jpg
1003909228,"Richard C. Allen MD, PhD, FACS",/membership/profile/1003909228/avatar.jpg
1003909072,George J. Alter MD,/membership/profile/1003909072/avatar.jpg
1003909256,"Arash Jian Amadi MD, FACS",/membership/profile/1003909256/avatar.jpg
1003909211,"Malena M. Amato MD, FACS",/membership/profile/1003909211/avatar.jpg
1003908542,Richard L. Anderson MD,/membership/profile/1003908542/avatar.jpg
1003909244,Richard C. Angrist MD,/membership/profile/1003909244/avatar.jpg
1003909191,Christine C. Annunziata MD,/membership/profile/1003909191/avatar.jpg
1003909372,Kathleen F. Archer MD,/membership/profile/1003909372/avatar.jpg
1003908464,Joseph Michael Armenia MD,/membership/profile/1003908464/avatar.jpg
1003909521,"Joe Franklin Arterberry MD, FACS",/membership/profile/1003909521/avatar.jpg
1003909593,Edwin C. Augustat MD,/membership/profile/1003909593/avatar.jpg
1003908935,Samuel  Baharestani MD,/membership/profile/1003908935/avatar.jpg
1003909065,Rosalie L. Bair MD,/membership/profile/1003909065/avatar.jpg
1003908441,Jasmina  Bajric MD,/membership/profile/1003908441/avatar.jpg
1003908705,Meredith Saylor Baker MD,/membership/profile/1003908705/avatar.jpg
1003909529,Sterling S. Baker MD,/membership/profile/1003909529/avatar.jpg
1003909088,Kyle  Balch MD,/membership/profile/1003909088/avatar.jpg
1003908813,Behin  Barahimi MD,/membership/profile/1003908813/avatar.jpg
1003908945,Anne  Barmettler MD,/membership/profile/1003908945/avatar.jpg
1003909083,Nicholas J. Barna MD,/membership/profile/1003909083/avatar.jpg
1003908917,Rhonda V. Barrett MD,/membership/profile/1003908917/avatar.jpg
1003909583,George B. Bartley MD,/membership/profile/1003909583/avatar.jpg
1003909241,Eric B. Baylin MD,/membership/profile/1003909241/avatar.jpg
1003909331,"Kevin A. Beadles MD, FACS",/membership/profile/1003909331/avatar.jpg
1003909252,"William H. Bearden MD, FACS",/membership/profile/1003909252/avatar.jpg
1003909124,Randall L. Beatty MD,/membership/profile/1003909124/avatar.jpg
1003909416,Bruce B. Becker MD,/membership/profile/1003909416/avatar.jpg
1003909062,"Edward H. Bedrossian Jr MD, FACS",/membership/profile/1003909062/avatar.jpg
1003909042,Mark  Berkowitz MD,/membership/profile/1003909042/avatar.jpg
1003909598,"A. Jan Berlin MD, FACS",/membership/profile/1003909598/avatar.jpg
1003909115,"Carlo R Bernardino MD, FACS",/membership/profile/1003909115/avatar.jpg
1003909310,Craig E. Berris MD,/membership/profile/1003909310/avatar.jpg
1003909599,F. Dean  Berry MD,/membership/profile/1003909599/avatar.jpg
1003909302,Thomas A. Bersani MD,/membership/profile/1003909302/avatar.jpg
1003909160,Todd L. Beyer DO,/membership/profile/1003909160/avatar.jpg
1003909600,Charles K. Beyer-Machule MD,/membership/profile/1003909600/avatar.jpg
1003909277,Maziar  Bidar MD,/membership/profile/1003909277/avatar.jpg
1003909116,Brian S. Biesman MD,/membership/profile/1003909116/avatar.jpg
1003909413,William J. Bigham MD,/membership/profile/1003909413/avatar.jpg
1003909317,Jurij R. Bilyk MD,/membership/profile/1003909317/avatar.jpg
1003909026,Chad M. Bingham MD,/membership/profile/1003909026/avatar.jpg
1003909601,David W. Bishop MD,/membership/profile/1003909601/avatar.jpg
1003908553,"Evan H. Black MD, FACS",/membership/profile/1003908553/avatar.jpg
1003908490,Alexander D Blandford MD,/membership/profile/1003908490/avatar.jpg
1003908598,"Sean M. Blaydon MD, FACS",/membership/profile/1003908598/avatar.jpg
1003908473,Nathan W Blessing MD,/membership/profile/1003908473/avatar.jpg
1003909048,Fred S. Bodker MD,/membership/profile/1003909048/avatar.jpg
1003909530,Milton  Boniuk MD,/membership/profile/1003909530/avatar.jpg
1003909167,Bert  Bowden MD,/membership/profile/1003909167/avatar.jpg
1003909363,Cynthia A. Boxrud MD,/membership/profile/1003909363/avatar.jpg
1003908899,Michael H. Boyle MD,/membership/profile/1003908899/avatar.jpg
1003909664,Nariman  Boyle MD,/membership/profile/1003909664/avatar.jpg
1003909304,"Alan B. Brackup MD, FACS",/membership/profile/1003909304/avatar.jpg
1003908650,Elizabeth A. Bradley MD,/membership/profile/1003908650/avatar.jpg
1003909084,Paul A. Brannan MD,/membership/profile/1003909084/avatar.jpg
1003908740,Emily M Bratton MD,/membership/profile/1003908740/avatar.jpg
1003909179,Brian G. Brazzo MD,/membership/profile/1003909179/avatar.jpg
1003908927,Cesar A. Briceno MD,/membership/profile/1003908927/avatar.jpg
1003908458,"Talmage  Broadbent MD, PhD",/membership/profile/1003908458/avatar.jpg
1003909288,Wade  Brock MD,/membership/profile/1003909288/avatar.jpg
1003909125,Mark S. Brown MD,/membership/profile/1003909125/avatar.jpg
1003909208,Richard W. Bryant MD,/membership/profile/1003909208/avatar.jpg
1003909376,Adam G. Buchanan MD,/membership/profile/1003909376/avatar.jpg
1003909117,Daniel E. Buerger MD,/membership/profile/1003909117/avatar.jpg
1005068995,David G. Buerger MD,/membership/profile/1005068995/avatar.jpg
1003909606,"John D. Bullock MD, MPH, MS",/membership/profile/1003909606/avatar.jpg
1003909357,"Richard A. Burgett MD, FACS",/membership/profile/1003909357/avatar.jpg
1003909347,"Cat N. Burkat MD, FACS",/membership/profile/1003909347/avatar.jpg
1003909519,John A. Burns MD,/membership/profile/1003909519/avatar.jpg
1003908534,"Michael A. Burnstine MD, FACS",/membership/profile/1003908534/avatar.jpg
1003909052,John R. Burroughs MD,/membership/profile/1003909052/avatar.jpg
1003908546,Kenneth V. Cahill MD,/membership/profile/1003908546/avatar.jpg
1003908708,Conley B. Call MD,/membership/profile/1003908708/avatar.jpg
1003908881,Alison  Callahan MD,/membership/profile/1003908881/avatar.jpg
1003909327,Michael A. Callahan MD,/membership/profile/1003909327/avatar.jpg
1003908686,"Christopher J. Calvano MD, PhD, FACS",/membership/profile/1003908686/avatar.jpg
1003908427,Ashley  Campbell ,/membership/profile/1003908427/avatar.jpg
1003909350,Tim P. Carey MD,/membership/profile/1003909350/avatar.jpg
1003908662,"Jacqueline R. Carrasco MD, FACS",/membership/profile/1003908662/avatar.jpg
1003909563,"Richard P. Carroll MD, FACS",/membership/profile/1003909563/avatar.jpg
1003908914,Bryant P. Carruth MD,/membership/profile/1003908914/avatar.jpg
1003908622,"Keith D. Carter MD, FACS",/membership/profile/1003908622/avatar.jpg
1003909120,Susan R. Carter MD,/membership/profile/1003909120/avatar.jpg
1003909289,Mont J. Cartwright MD,/membership/profile/1003909289/avatar.jpg
1003909176,Douglas R. Casady MD,/membership/profile/1003909176/avatar.jpg
1003909344,Mark A. Cepela MD,/membership/profile/1003909344/avatar.jpg
1003908442,Harinder  Chahal MD,/membership/profile/1003908442/avatar.jpg
1003908844,Christopher B. Chambers MD,/membership/profile/1003908844/avatar.jpg
1003909075,"Holly  Chang MD, FACS",/membership/profile/1003909075/avatar.jpg
1003908436,Jessica  Chang MD,/membership/profile/1003908436/avatar.jpg
1003909319,"Karen L. Chapman MD, FACS",/membership/profile/1003909319/avatar.jpg
1003908974,Michael C. Chappell MD,/membership/profile/1003908974/avatar.jpg
1003909103,Devron H. Char MD,/membership/profile/1003909103/avatar.jpg
1003909067,"Imtiaz A. Chaudhry MD, PhD, FACS",/membership/profile/1003909067/avatar.jpg
1003909137,Mauricio R. Chavez MD,/membership/profile/1003909137/avatar.jpg
1003909154,"Steven  Chen MD, FACS",/membership/profile/1003909154/avatar.jpg
1003908526,Valerie Hsinyen Chen MD,/membership/profile/1003908526/avatar.jpg
1003908471,Smith Ann M Chisholm MD,/membership/profile/1003908471/avatar.jpg
1003909264,"Raymond I. Cho MD, FACS",/membership/profile/1003909264/avatar.jpg
1003908795,Christina  Choe MD,/membership/profile/1003908795/avatar.jpg
1003908486,"Catherine J Choi MD, MS",/membership/profile/1003908486/avatar.jpg
1003909411,John C. Choi MD,/membership/profile/1003909411/avatar.jpg
1003909186,Phillip H. Choo MD,/membership/profile/1003909186/avatar.jpg
1003908692,Eva  Chou MD,/membership/profile/1003908692/avatar.jpg
1003909576,Frank H. Christensen MD,/membership/profile/1003909576/avatar.jpg
1003909382,"Murray D. Christianson MD, FRCSC, FACS",/membership/profile/1003909382/avatar.jpg
1003908425,"Rao  Chundury MD, MBA",/membership/profile/1003908425/avatar.jpg
1003909548,W. Andrew  Cies MD,/membership/profile/1003909548/avatar.jpg
1003909390,"Kimberly P. Cockerham MD, FACS",/membership/profile/1003909390/avatar.jpg
1003909195,Daniel J. Coden MD,/membership/profile/1003909195/avatar.jpg
1003909422,Adam J. Cohen MD,/membership/profile/1003909422/avatar.jpg
1003909403,"Marc S. Cohen MD, FACS",/membership/profile/1003909403/avatar.jpg
1003909402,Eric A. Cole MD,/membership/profile/1003909402/avatar.jpg
1003909325,"Harvey ""Chip""  Cole MD, FACS",/membership/profile/1003909325/avatar.jpg
1003909659,Atif Ben Collins MD,/membership/profile/1003909659/avatar.jpg
1003908423,Christopher  Compton MD,/membership/profile/1003908423/avatar.jpg
1003909001,Michael A. Connor MD,/membership/profile/1003909001/avatar.jpg
1003908525,Thomas  Copperman MD,/membership/profile/1003908525/avatar.jpg
1003909408,Scott M. Corin MD,/membership/profile/1003909408/avatar.jpg
1003908976,Bryan  Costin MD,/membership/profile/1003908976/avatar.jpg
1003908830,Steven M. Couch MD,/membership/profile/1003908830/avatar.jpg
1005069541,Steven J. Covici MD,/membership/profile/1005069541/avatar.jpg
1003909174,"David E. Cowen MD, FACS",/membership/profile/1003909174/avatar.jpg
1003908888,Shannon G Cox MD,/membership/profile/1003908888/avatar.jpg
1003909205,Philip L. Custer MD,/membership/profile/1003909205/avatar.jpg
1003909033,"Carolee Marie Cutler Peck MD, MPH",/membership/profile/1003909033/avatar.jpg
1003909236,Albert S. Cytryn MD,/membership/profile/1003909236/avatar.jpg
1003908660,"Craig N Czyz DO, FACOS, FACS",/membership/profile/1003908660/avatar.jpg
1003908780,Lora  Dagi Glass MD,/membership/profile/1003908780/avatar.jpg
1003908584,"Roger A. Dailey MD, FACS",/membership/profile/1003908584/avatar.jpg
1003909152,"Albert J. Dal Canto MD, PhD",/membership/profile/1003909152/avatar.jpg
1003909409,Daniel L. Dale MD,/membership/profile/1003909409/avatar.jpg
1003908746,Brett  Davies MD,/membership/profile/1003908746/avatar.jpg
1003908767,Dawn  De Castro MD,/membership/profile/1003908767/avatar.jpg
1003909073,Christopher M. DeBacker MD,/membership/profile/1003909073/avatar.jpg
1003909271,David A. Della Rocca MD,/membership/profile/1003909271/avatar.jpg
1003909147,Sheri L. DeMartelaere MD,/membership/profile/1003909147/avatar.jpg
1003908925,Hakan  Demirci MD,/membership/profile/1003908925/avatar.jpg
1003908478,Sarah W DeParis MD,/membership/profile/1003908478/avatar.jpg
1003908922,Mohit A. Dewan MD,/membership/profile/1003908922/avatar.jpg
1003909112,"James B. Dickson MD, FACS",/membership/profile/1003909112/avatar.jpg
2001643151,Stefania Barbosa Diniz MD,/membership/profile/2001643151/avatar.jpg
1003909149,Timothy W. Doucet MD,/membership/profile/1003909149/avatar.jpg
1003908580,"Raymond S. Douglas MD, PhD",/membership/profile/1003908580/avatar.jpg
1003909522,Marcos T. Doxanas MD,/membership/profile/1003909522/avatar.jpg
1003909375,Laryssa R. Dragan MD,/membership/profile/1003909375/avatar.jpg
1003908638,Steven Charles Dresner MD,/membership/profile/1003908638/avatar.jpg
1003909555,"Robert M. Dryden MD, FACS",/membership/profile/1003909555/avatar.jpg
1003909247,"Kathleen M. Duerksen MD, FACS",/membership/profile/1003909247/avatar.jpg
1003909164,"Mark T. Duffy MD, PhD",/membership/profile/1003909164/avatar.jpg
1003908541,"Vikram D. Durairaj MD, FACS",/membership/profile/1003908541/avatar.jpg
1003909110,"Jonathan J. Dutton MD, PhD",/membership/profile/1003909110/avatar.jpg
1003909346,Daniel A. Ebroon MD,/membership/profile/1003909346/avatar.jpg
1003909081,Jeff Paul Edelstein MD,/membership/profile/1003909081/avatar.jpg
1003908683,Kian  Eftekhari ,/membership/profile/1003908683/avatar.jpg
1003909353,Janice E. Eggert MD,/membership/profile/1003909353/avatar.jpg
1003909268,Andrew S. Eiseman MD,/membership/profile/1003909268/avatar.jpg
1003908756,"Tarek  El-Sawy MD, PhD",/membership/profile/1003908756/avatar.jpg
1003908906,Ebby  Elahi MD,/membership/profile/1003908906/avatar.jpg
1003908909,Kasra  Eliasieh MD,/membership/profile/1003908909/avatar.jpg
1003909182,Don S. Ellis MD,/membership/profile/1003909182/avatar.jpg
1003909080,"Victor M. Elner MD, PhD",/membership/profile/1003909080/avatar.jpg
1003909337,Todd B. Engen MD,/membership/profile/1003909337/avatar.jpg
1003909104,Yoash R. Enzer MD,/membership/profile/1003909104/avatar.jpg
1003909306,Gil A. Epstein MD,/membership/profile/1003909306/avatar.jpg
1003909078,Melanie Ho Erb MD,/membership/profile/1003909078/avatar.jpg
1003908398,Benjamin Peter Erickson MD,/membership/profile/1003908398/avatar.jpg
1003908749,George K. Escaravage MD,/membership/profile/1003908749/avatar.jpg
1003908536,"Bita  Esmaeli MD, FACS",/membership/profile/1003908536/avatar.jpg
1003908800,Neda  Esmaili MD,/membership/profile/1003908800/avatar.jpg
1003909197,Gabriela M. Espinoza MD,/membership/profile/1003909197/avatar.jpg
1003908952,Kelly R. Everman MD,/membership/profile/1003908952/avatar.jpg
1003909194,"Joseph A. Eviatar MD, FACS",/membership/profile/1003909194/avatar.jpg
1003909335,"Robert G. Fante MD, FACS",/membership/profile/1003909335/avatar.jpg
1003909231,Stuart  Farris MD,/membership/profile/1003909231/avatar.jpg
1003909414,Aaron  Fay MD,/membership/profile/1003909414/avatar.jpg
1003909339,Kenneth A. Feldman MD,/membership/profile/1003909339/avatar.jpg
1003909046,Douglas P. Felt MD,/membership/profile/1003909046/avatar.jpg
1003909269,John P. Fezza MD,/membership/profile/1003909269/avatar.jpg
1003909057,Patrick M. Flaharty MD,/membership/profile/1003909057/avatar.jpg
1003909549,Joseph C. Flanagan MD,/membership/profile/1003909549/avatar.jpg
1003908603,James C. Fleming MD,/membership/profile/1003908603/avatar.jpg
1003909192,"Jill A. Foster MD, FACS",/membership/profile/1003909192/avatar.jpg
1003909193,Tamara R. Fountain MD,/membership/profile/1003909193/avatar.jpg
1003909354,Amy M. Fowler MD,/membership/profile/1003909354/avatar.jpg
1003908405,Brian T. Fowler MD,/membership/profile/1003908405/avatar.jpg
1003909356,"L. Neal  Freeman MD, MBA, FACS",/membership/profile/1003909356/avatar.jpg
1003909361,David E. Freilich MD,/membership/profile/1003909361/avatar.jpg
1003908538,Suzanne K. Freitag MD,/membership/profile/1003908538/avatar.jpg
1003909069,"Peter D. Fries MD, FACS",/membership/profile/1003909069/avatar.jpg
1003908664,Constance  Fry MD,/membership/profile/1003908664/avatar.jpg
1003908448,Roxana  Fu ,/membership/profile/1003908448/avatar.jpg
1003909290,Barry R. Fuller MD,/membership/profile/1003909290/avatar.jpg
1003908808,"Molly L. Fuller MD, PhD",/membership/profile/1003908808/avatar.jpg
1003909025,Laura  Gadzala ,/membership/profile/1003909025/avatar.jpg
1003909418,"Parag D. Gandhi MD, FACS",/membership/profile/1003909418/avatar.jpg
1003909543,Perry F. Garber MD,/membership/profile/1003909543/avatar.jpg
1003909340,Denise D. Garcia MD,/membership/profile/1003909340/avatar.jpg
1003909183,George H. Garcia MD,/membership/profile/1003909183/avatar.jpg
1003909059,Roberta E. Gausas MD,/membership/profile/1003909059/avatar.jpg
1003909234,Lauren Z. Gavaris MD,/membership/profile/1003909234/avatar.jpg
1003909058,Paul T. Gavaris MD,/membership/profile/1003909058/avatar.jpg
1003909399,Gregg S. Gayre MD,/membership/profile/1003909399/avatar.jpg
1003909279,Craig E. Geist MD,/membership/profile/1003909279/avatar.jpg
1003908677,"Dan  Georgescu MD, PhD",/membership/profile/1003908677/avatar.jpg
1003909037,Joseph  Giacometti MD,/membership/profile/1003909037/avatar.jpg
1003909367,James W. Gigantelli MD,/membership/profile/1003909367/avatar.jpg
1003909044,Grant  Gilliland MD,/membership/profile/1003909044/avatar.jpg
1003909221,Michael P. Gingold MD,/membership/profile/1003909221/avatar.jpg
1003908529,Geoffrey J. Gladstone MD,/membership/profile/1003908529/avatar.jpg
1003909199,"Michael L. Glassman MD, FACS",/membership/profile/1003909199/avatar.jpg
1003909089,Herbert J. Glatt MD,/membership/profile/1003909089/avatar.jpg
1003909527,Arthur Tyrone Glover MD,/membership/profile/1003909527/avatar.jpg
1003908497,Kyle J Godfrey MD,/membership/profile/1003908497/avatar.jpg
1003908435,Tara  Goecks MD,/membership/profile/1003908435/avatar.jpg
1003908878,Katherine G. Gold MD,/membership/profile/1003908878/avatar.jpg
1003909368,Andrew M. Goldbaum MD,/membership/profile/1003909368/avatar.jpg
1003908632,"Robert A. Goldberg MD, FACS",/membership/profile/1003908632/avatar.jpg
1003909188,Stuart H. Goldberg MD,/membership/profile/1003909188/avatar.jpg
1003909246,Stacia  Goldey MD,/membership/profile/1003909246/avatar.jpg
1003909328,Jeff B. Goldstein MD,/membership/profile/1003909328/avatar.jpg
1003909364,Scott M. Goldstein MD,/membership/profile/1003909364/avatar.jpg
1003909590,"Russell S. Gonnering MD,MMM,  FACS",/membership/profile/1003909590/avatar.jpg
1003908743,Mithra O. Gonzalez MD,/membership/profile/1003908743/avatar.jpg
1003909305,M. Douglas  Gossman MD,/membership/profile/1003909305/avatar.jpg
1003909380,"Michael P. Grant MD, PhD",/membership/profile/1003909380/avatar.jpg
1003908901,"Greg J. Griepentrog MD, FACS",/membership/profile/1003908901/avatar.jpg
1003908508,"Seanna  Grob MD, MAS",/membership/profile/1003908508/avatar.jpg
1003909151,Neil D. Gross MD,/membership/profile/1003909151/avatar.jpg
1003909134,Michael J. Groth MD,/membership/profile/1003909134/avatar.jpg
1003908853,Francis  Grumbine MD,/membership/profile/1003908853/avatar.jpg
1003909121,Carmen  Guberina MD,/membership/profile/1003909121/avatar.jpg
1003909100,Kurt W.L. Guelzow MD,/membership/profile/1003909100/avatar.jpg
1003909595,"Pierre  Guibor MD, PA",/membership/profile/1003909595/avatar.jpg
1003908725,Shivani  Gupta MD,/membership/profile/1003908725/avatar.jpg
1003908523,Larissa A. Habib ,/membership/profile/1003908523/avatar.jpg
1003909587,Conrad K. Hamako MD,/membership/profile/1003909587/avatar.jpg
1003909229,Matthew A. Hammons MD,/membership/profile/1003909229/avatar.jpg
1003909095,Lawrence F. Handler MD,/membership/profile/1003909095/avatar.jpg
1003909273,Roderick N. Hargrove MD,/membership/profile/1003909273/avatar.jpg
1003909284,"John Norris Harrington MD, FACS",/membership/profile/1003909284/avatar.jpg
1003908643,"Gerald J. Harris MD, FACS",/membership/profile/1003908643/avatar.jpg
1003908869,Matheson A. Harris MD,/membership/profile/1003908869/avatar.jpg
1003909278,Andrew R. Harrison MD,/membership/profile/1003909278/avatar.jpg
1003909079,Andrea N. Hass MD,/membership/profile/1003909079/avatar.jpg
1003909157,Adam S. Hassan MD,/membership/profile/1003909157/avatar.jpg
1003908714,Matthew J. Hauck MD,/membership/profile/1003908714/avatar.jpg
1003909266,"Weldon E. Havins MD, FACS",/membership/profile/1003909266/avatar.jpg
1003909525,Michael John Hawes MD,/membership/profile/1003909525/avatar.jpg
1003908654,Brent R. Hayek MD,/membership/profile/1003908654/avatar.jpg
1003909531,J. Timothy  Heffernan MD,/membership/profile/1003909531/avatar.jpg
1003909400,Katrinka L. Heher MD,/membership/profile/1003909400/avatar.jpg
1003909099,Grant W. Heinz MD,/membership/profile/1003909099/avatar.jpg
1003908737,Dustin M. Heringer MD,/membership/profile/1003908737/avatar.jpg
1003909536,Eva H. Hewes MD,/membership/profile/1003909536/avatar.jpg
1003909322,"Peter lLoyd Hildebrand MD, FACS",/membership/profile/1003909322/avatar.jpg
1003908697,Robert H. Hill MD,/membership/profile/1003908697/avatar.jpg
1003908528,Eric M. Hink MD,/membership/profile/1003908528/avatar.jpg
1003908562,"Marc J. Hirschbein MD, FACS",/membership/profile/1003908562/avatar.jpg
1003909359,"Scott R. Hobson MD, FACS",/membership/profile/1003909359/avatar.jpg
1003909352,Jonathan  Hoenig MD,/membership/profile/1003909352/avatar.jpg
1003909140,R. Jeffrey  Hofmann MD,/membership/profile/1003909140/avatar.jpg
1003908634,David E.E. Holck MD,/membership/profile/1003908634/avatar.jpg
1003908564,John B. Holds MD,/membership/profile/1003908564/avatar.jpg
1003908532,Donald A. Hollsten MD,/membership/profile/1003908532/avatar.jpg
1003908395,Jordan  Hollsten MD,/membership/profile/1003908395/avatar.jpg
1003909401,Susan M. Hughes MD,/membership/profile/1003909401/avatar.jpg
1003908652,Jennifer I. Hui MD,/membership/profile/1003908652/avatar.jpg
1003909169,"John H. Hunts MD, PhD",/membership/profile/1003909169/avatar.jpg
1003908805,Peter Emmett Hurley MD,/membership/profile/1003908805/avatar.jpg
1003909009,"Catherine J. Hwang MD, FACS",/membership/profile/1003909009/avatar.jpg
1003909013,David K. Isaacs MD,/membership/profile/1003909013/avatar.jpg
1003909161,Kamel M. Itani MD,/membership/profile/1003909161/avatar.jpg
1003908731,"Srinivas S Iyengar MD, FACS",/membership/profile/1003908731/avatar.jpg
1003908517,Chad Harman Jackson MD,/membership/profile/1003908517/avatar.jpg
1003909565,Steven T. Jackson MD,/membership/profile/1003909565/avatar.jpg
1003908452,Sarah Mireles Jacobs MD,/membership/profile/1003908452/avatar.jpg
1003909295,Sukhjit S. Johl MD,/membership/profile/1003909295/avatar.jpg
1003908544,Thomas E. Johnson MD,/membership/profile/1003908544/avatar.jpg
1003909032,David F. Jones MD,/membership/profile/1003909032/avatar.jpg
1003908981,Scott  Jones MD,/membership/profile/1003908981/avatar.jpg
1003908932,"Shannon S. Joseph MD, MSc",/membership/profile/1003908932/avatar.jpg
1003909108,"Alon  Kahana MD, PhD",/membership/profile/1003909108/avatar.jpg
1003908821,Kevin  Kalwerisky MD,/membership/profile/1003908821/avatar.jpg
1003908463,Krishna Priya Kalyam MD,/membership/profile/1003908463/avatar.jpg
1003909611,David F. Kamin MD,/membership/profile/1003909611/avatar.jpg
1003908483,Thomas  Kandl ,/membership/profile/1003908483/avatar.jpg
1003909129,"Mitesh  Kapadia MD, PhD",/membership/profile/1003909129/avatar.jpg
1003909094,James F. Kapustiak MD,/membership/profile/1003909094/avatar.jpg
1003909106,"James W. Karesh MD, FACS",/membership/profile/1003909106/avatar.jpg
1003909061,Lawrence G. Kass MD,/membership/profile/1003909061/avatar.jpg
1003909202,Sajeev S. Kathuria MD,/membership/profile/1003909202/avatar.jpg
1003909272,James A. Katowitz MD,/membership/profile/1003909272/avatar.jpg
1003908574,William R Katowitz MD,/membership/profile/1003908574/avatar.jpg
1003908421,"Courtney  Kauh MD, MS",/membership/profile/1003908421/avatar.jpg
1003909324,Marsha C. Kavanagh MD,/membership/profile/1003909324/avatar.jpg
1003908619,Michael  Kazim MD,/membership/profile/1003908619/avatar.jpg
1003908942,Nadia A. Kazim MD,/membership/profile/1003908942/avatar.jpg
1003908827,"Tiffany L Kent MD, PhD",/membership/profile/1003908827/avatar.jpg
1003908617,Robert C. Kersten MD,/membership/profile/1003908617/avatar.jpg
1003909665,Kayvan  Keyhani ,/membership/profile/1003909665/avatar.jpg
1003909282,Jemshed A. Khan MD,/membership/profile/1003909282/avatar.jpg
1003908641,"Don O. Kikkawa MD, FACS",/membership/profile/1003908641/avatar.jpg
1003908408,Charles  Kim MD,/membership/profile/1003908408/avatar.jpg
1003908857,H. Jane  Kim MD,/membership/profile/1003908857/avatar.jpg
1003909657,H. Joon  Kim MD,/membership/profile/1003909657/avatar.jpg
1003909415,Jonathan W. Kim MD,/membership/profile/1003909415/avatar.jpg
1003909102,Man K. Kim MD,/membership/profile/1003909102/avatar.jpg
1003909031,Maria  Kirzhner MD,/membership/profile/1003909031/avatar.jpg
1003909342,"Stephen R. Klapper MD, FACS",/membership/profile/1003909342/avatar.jpg
1003909216,Zachary G. Klett MD,/membership/profile/1003909216/avatar.jpg
1003909131,Kim A Klippenstein MD,/membership/profile/1003909131/avatar.jpg
1003908413,Audrey  Ko MD,/membership/profile/1003908413/avatar.jpg
1003908430,Marcus J. Ko MD,/membership/profile/1003908430/avatar.jpg
1003909579,Roger  Kohn MD,/membership/profile/1003909579/avatar.jpg
1003909423,"Hindola  Konrad MD, FACS",/membership/profile/1003909423/avatar.jpg
1003909405,John J. Koo MD,/membership/profile/1003909405/avatar.jpg
1003909036,"Irina V Koreen MD, PhD",/membership/profile/1003909036/avatar.jpg
1003908531,"Bobby S. Korn MD, PhD, FACS",/membership/profile/1003908531/avatar.jpg
1003909029,Andrea Lora Kossler MD,/membership/profile/1003909029/avatar.jpg
1003909143,"Brett S. Kotlus MD, FACS",/membership/profile/1003909143/avatar.jpg
1003909658,Kenneth B Krantz MD,/membership/profile/1003909658/avatar.jpg
1003909392,Ronald W. Kristan MD,/membership/profile/1003909392/avatar.jpg
1003909092,Debra M. Kroll MD,/membership/profile/1003909092/avatar.jpg
1003909184,"Jan W. Kronish MD, FACS",/membership/profile/1003909184/avatar.jpg
1003909139,Thomas M. Kropp MD,/membership/profile/1003909139/avatar.jpg
1003909566,Dwight R. Kulwin MD,/membership/profile/1003909566/avatar.jpg
1004847472,Francis  La Piana ,/membership/profile/1004847472/avatar.jpg
1003909185,Michael S. Landa MD,/membership/profile/1003909185/avatar.jpg
1003908842,Katherine A. Lane MD,/membership/profile/1003908842/avatar.jpg
1003908445,Nicole  Langelier MD,/membership/profile/1003908445/avatar.jpg
1003909291,"Paul D. Langer MD, FACS",/membership/profile/1003909291/avatar.jpg
1003909388,"John D. Langford MD, FACS",/membership/profile/1003909388/avatar.jpg
1003909301,"Stephen J. Laquis MD, FACS",/membership/profile/1003909301/avatar.jpg
1003909313,David C. Larned MD,/membership/profile/1003909313/avatar.jpg
1003909126,Simeon A. Lauer MD,/membership/profile/1003909126/avatar.jpg
1003908864,Bradford W Lee MD,/membership/profile/1003908864/avatar.jpg
1003908930,Brian J. Lee MD,/membership/profile/1003908930/avatar.jpg
1003908816,Edward W. Lee MD,/membership/profile/1003908816/avatar.jpg
1003909015,Henry  Lee MD,/membership/profile/1003909015/avatar.jpg
1003908572,"Hui Bae Harold  Lee MD, FACS",/membership/profile/1003908572/avatar.jpg
1003908437,Lyndon B. Lee MD,/membership/profile/1003908437/avatar.jpg
1003908785,Nahyoung Grace Lee MD,/membership/profile/1003908785/avatar.jpg
1003909038,Seong  Lee MD,/membership/profile/1003909038/avatar.jpg
1003908530,Wendy W. Lee MD,/membership/profile/1003908530/avatar.jpg
1003908783,"Daniel R. Lefebvre MD, FACS",/membership/profile/1003908783/avatar.jpg
1003909109,Steven  Leibowitz MD,/membership/profile/1003909109/avatar.jpg
1003908883,Gary J. Lelli MD,/membership/profile/1003908883/avatar.jpg
1003909254,Bradley N. Lemke MD,/membership/profile/1003909254/avatar.jpg
1003909394,Alan M. Lessner MD,/membership/profile/1003909394/avatar.jpg
1003909242,David B. Leventer MD,/membership/profile/1003909242/avatar.jpg
1003908416,Jackson F. Lever MD,/membership/profile/1003908416/avatar.jpg
1003908722,Flora  Levin MD,/membership/profile/1003908722/avatar.jpg
1003908539,Peter S. Levin MD,/membership/profile/1003908539/avatar.jpg
1003909123,Mark R. Levine MD,/membership/profile/1003909123/avatar.jpg
1003909518,Robert E. Levine MD,/membership/profile/1003909518/avatar.jpg
1003909309,Craig D. Lewis MD,/membership/profile/1003909309/avatar.jpg
1003909663,"Kyle  Lewis MD, FACS",/membership/profile/1003909663/avatar.jpg
1003908675,Ilya M. Leyngold MD,/membership/profile/1003908675/avatar.jpg
1003908453,Sophie D. Liao MD,/membership/profile/1003908453/avatar.jpg
1003908667,Lily Koo Lin MD,/membership/profile/1003908667/avatar.jpg
1003909537,John V. Linberg MD,/membership/profile/1003909537/avatar.jpg
1003909351,"William J. Lipham MD, FACS",/membership/profile/1003909351/avatar.jpg
1003908533,"Richard D. Lisman MD, FACS",/membership/profile/1003908533/avatar.jpg
1003909298,Boaz J. Lissauer MD,/membership/profile/1003909298/avatar.jpg
1003909398,Gary S. Lissner MD,/membership/profile/1003909398/avatar.jpg
1003908482,"Catherine Y. Liu MD, PhD",/membership/profile/1003908482/avatar.jpg
1003909255,Don  Liu MD,/membership/profile/1003909255/avatar.jpg
1003908438,Wenjing  Liu ,/membership/profile/1003908438/avatar.jpg
1003908494,Christopher  Lo MD,/membership/profile/1003908494/avatar.jpg
1003909395,Mikel W. Lo MD,/membership/profile/1003909395/avatar.jpg
1003908543,John A. Long MD,/membership/profile/1003908543/avatar.jpg
1003909066,Joanne E. Low MD,/membership/profile/1003909066/avatar.jpg
1003909219,Jonathan C. Lowry MD,/membership/profile/1003909219/avatar.jpg
1003908592,"Mark J. Lucarelli MD, FACS",/membership/profile/1003908592/avatar.jpg
1003908769,Cari E. Lyle MD,/membership/profile/1003908769/avatar.jpg
1003909118,"David B. Lyon MD, FACS",/membership/profile/1003909118/avatar.jpg
1003908764,Peter  MacIntosh MD,/membership/profile/1003908764/avatar.jpg
1003909050,William P. Mack MD,/membership/profile/1003909050/avatar.jpg
1003909326,Elizabeth A. Maher MD,/membership/profile/1003909326/avatar.jpg
1003908911,Nicholas  Mahoney MD,/membership/profile/1003908911/avatar.jpg
1003908577,"Ronald  Mancini MD, FACS",/membership/profile/1003908577/avatar.jpg
1003909373,"Geva  Mannor MD, FACS",/membership/profile/1003909373/avatar.jpg
1003908791,Tamer N Mansour ,/membership/profile/1003908791/avatar.jpg
1003909257,Lisa A. Mansueto MD,/membership/profile/1003909257/avatar.jpg
1003909594,Alfred C. Marrone MD,/membership/profile/1003909594/avatar.jpg
1003909275,Harry  Marshak MD,/membership/profile/1003909275/avatar.jpg
1003909178,John J. Martin MD,/membership/profile/1003909178/avatar.jpg
1003909292,"Ronald T. Martin MD, FACS",/membership/profile/1003909292/avatar.jpg
1003908720,Douglas P. Marx MD,/membership/profile/1003908720/avatar.jpg
1003909406,Bruce M. Massaro MD,/membership/profile/1003909406/avatar.jpg
1003909349,Guy G. Massry MD,/membership/profile/1003909349/avatar.jpg
1003909303,Thomas R. Mather MD,/membership/profile/1003909303/avatar.jpg
1003909365,Randy O. Mauffray MD,/membership/profile/1003909365/avatar.jpg
1003909615,"Marlon  Maus MD, MPH",/membership/profile/1003909615/avatar.jpg
1003909564,Frederick A. Mausolf MD,/membership/profile/1003909564/avatar.jpg
1003909214,Louise A. Mawn MD,/membership/profile/1003909214/avatar.jpg
1003909165,Mark L. Mazow MD,/membership/profile/1003909165/avatar.jpg
1003909113,"Robert A. Mazzoli MD, FACS",/membership/profile/1003909113/avatar.jpg
1003908611,"John D. McCann MD, PhD",/membership/profile/1003908611/avatar.jpg
1003908426,"Elysa  McClintic MD, MS",/membership/profile/1003908426/avatar.jpg
1003909526,Clinton D. McCord MD,/membership/profile/1003909526/avatar.jpg
1003909173,Michael  McCracken MD,/membership/profile/1003909173/avatar.jpg
1003908609,Timothy J. McCulley MD,/membership/profile/1003908609/avatar.jpg
1003909150,John J. McGetrick MD,/membership/profile/1003909150/avatar.jpg
1003909274,Alan W. McInnes MD,/membership/profile/1003909274/avatar.jpg
1003909258,M. Polly  McKinstry MD,/membership/profile/1003909258/avatar.jpg
1003909417,Daniel L. McLachlan MD,/membership/profile/1003909417/avatar.jpg
1003909133,William M. McLeish MD,/membership/profile/1003909133/avatar.jpg
1003908978,"Milap P. Mehta MD, MS",/membership/profile/1003908978/avatar.jpg
1003908961,Sonul  Mehta MD,/membership/profile/1003908961/avatar.jpg
1003909189,Melissa  Meldrum-Aaberg MD,/membership/profile/1003909189/avatar.jpg
1003908940,Jill S. Melicher Larson MD,/membership/profile/1003908940/avatar.jpg
1003908537,"Shannath L. Merbs MD, PhD, FACS",/membership/profile/1003908537/avatar.jpg
1003909049,Michael  Mercandetti MD,/membership/profile/1003909049/avatar.jpg
1003909311,John C. Merriam MD,/membership/profile/1003909311/avatar.jpg
1003908439,Helen  Merritt ,/membership/profile/1003908439/avatar.jpg
1003908420,Pradeep  Mettu MD,/membership/profile/1003908420/avatar.jpg
1003909294,"Dale R. Meyer MD, FACS",/membership/profile/1003909294/avatar.jpg
1003908700,Kevin S. Michels MD,/membership/profile/1003908700/avatar.jpg
1003909312,"Michael E. Migliori MD, FACS",/membership/profile/1003909312/avatar.jpg
1003909190,Lisa D. Mihora MD,/membership/profile/1003909190/avatar.jpg
1003909410,James P. Milite MD,/membership/profile/1003909410/avatar.jpg
1003909541,Gordon R. Miller MD,/membership/profile/1003909541/avatar.jpg
1003908824,Jasmine  Mohadjer MD,/membership/profile/1003908824/avatar.jpg
1003908810,Ali  Mokhtarzadeh MD,/membership/profile/1003908810/avatar.jpg
1003908512,Grant Harris Moore MD,/membership/profile/1003908512/avatar.jpg
1003909660,"Annie  Moreau MD, FACS",/membership/profile/1003909660/avatar.jpg
1003908462,Payam  Morgan MD,/membership/profile/1003908462/avatar.jpg
1003909201,"Kenneth E. Morgenstern MD, FACS, FAACS",/membership/profile/1003909201/avatar.jpg
1003909251,Carrie L. Morris MD,/membership/profile/1003909251/avatar.jpg
1003909085,Asa D. Morton MD,/membership/profile/1003909085/avatar.jpg
1003908999,Eve E. Moscato MD,/membership/profile/1003908999/avatar.jpg
1003909262,James L. Moses MD,/membership/profile/1003909262/avatar.jpg
1003909034,"Ann P. Murchison MD, MPH",/membership/profile/1003909034/avatar.jpg
1003909330,Michael L. Murphy MD,/membership/profile/1003909330/avatar.jpg
1003909371,W. John  Murrell MD,/membership/profile/1003909371/avatar.jpg
1003908893,Cameron Brian Nabavi MD,/membership/profile/1003908893/avatar.jpg
1003909006,Tanuj  Nakra MD,/membership/profile/1003909006/avatar.jpg
1003909153,John M. Nassif MD,/membership/profile/1003909153/avatar.jpg
1003909263,Thomas C. Naugle MD,/membership/profile/1003909263/avatar.jpg
1003908401,Maryam  Nazemzadeh MD,/membership/profile/1003908401/avatar.jpg
1003909181,"Janet M. Neigel MD, FACS",/membership/profile/1003909181/avatar.jpg
1003908832,Michael  Neimkin MD,/membership/profile/1003908832/avatar.jpg
1003908548,Christine C Nelson MD,/membership/profile/1003908548/avatar.jpg
1003909253,Eric R. Nelson MD,/membership/profile/1003909253/avatar.jpg
1003908557,"Jeffrey A. Nerad MD, FACS",/membership/profile/1003908557/avatar.jpg
1003908550,"Frank A Nesi MD, FACS",/membership/profile/1003908550/avatar.jpg
1003908948,Francesca D. Nesi-Eloff MD,/membership/profile/1003908948/avatar.jpg
1003909105,"John D. Ng MD, MS, FACS",/membership/profile/1003909105/avatar.jpg
1003908657,John  Nguyen MD,/membership/profile/1003908657/avatar.jpg
1003909393,Ernst  Nicolitz MD,/membership/profile/1003909393/avatar.jpg
1003909379,"Narieman A. Nik MD, FACS",/membership/profile/1003909379/avatar.jpg
1003909314,Thaddeus S. Nowinski MD,/membership/profile/1003909314/avatar.jpg
1003908614,"William R. Nunery MD, FACS",/membership/profile/1003908614/avatar.jpg
1003908772,Alan E. Oester MD,/membership/profile/1003908772/avatar.jpg
1003909562,William N. Offutt MD,/membership/profile/1003909562/avatar.jpg
1003908862,Sang-Rog  Oh MD,/membership/profile/1003908862/avatar.jpg
1003909538,"Jay J. Older MD, FACS",/membership/profile/1003909538/avatar.jpg
1003909200,Jane J. Olson MD,/membership/profile/1003909200/avatar.jpg
1003908840,Alexander  On MD,/membership/profile/1003908840/avatar.jpg
1003909355,Cassandra B. Onofrey MD,/membership/profile/1003909355/avatar.jpg
1003908625,"James  Orcutt MD, PhD",/membership/profile/1003908625/avatar.jpg
1003908510,Omar K. Ozgur MD,/membership/profile/1003908510/avatar.jpg
1003908469,Stanley T Pace MD,/membership/profile/1003908469/avatar.jpg
1003909207,"John  Pak MD, PhD",/membership/profile/1003909207/avatar.jpg
1003908958,Noelene K. Pang MD,/membership/profile/1003908958/avatar.jpg
1003908895,Keshini  Parbhu MD,/membership/profile/1003908895/avatar.jpg
1003908440,Jonathan  Pargament MD,/membership/profile/1003908440/avatar.jpg
1003909035,Dong Jun J. Park MD,/membership/profile/1003909035/avatar.jpg
1003909420,Bhupendra C.K. Patel MD,/membership/profile/1003909420/avatar.jpg
1003908875,Payal J. Patel MD,/membership/profile/1003908875/avatar.jpg
1003908986,Rakesh M. Patel MD,/membership/profile/1003908986/avatar.jpg
1003909267,"Sarit M. Patel MD, MBA",/membership/profile/1003909267/avatar.jpg
1003909206,Michael  Patipa MD,/membership/profile/1003909206/avatar.jpg
1003909250,"James R. Patrinely MD, FACS",/membership/profile/1003909250/avatar.jpg
1003908803,Sean  Paul MD,/membership/profile/1003908803/avatar.jpg
1003908476,Trey A Pegram MD,/membership/profile/1003908476/avatar.jpg
1003909323,"Ron W. Pelton MD, PhD, FACS",/membership/profile/1003909323/avatar.jpg
1003909654,John D Pemberton DO MBA ,/membership/profile/1003909654/avatar.jpg
1003909237,Robert B. Penne MD,/membership/profile/1003909237/avatar.jpg
1003908938,Robert J. Peralta MD,/membership/profile/1003908938/avatar.jpg
1003909235,Kevin I. Perman MD,/membership/profile/1003909235/avatar.jpg
1003909535,"Arthur C. Perry MD, FACS",/membership/profile/1003909535/avatar.jpg
1003908419,C. Blake  Perry ,/membership/profile/1003908419/avatar.jpg
1003908535,Julian D. Perry MD,/membership/profile/1003908535/avatar.jpg
1003908919,Balaji  Perumal MD,/membership/profile/1003908919/avatar.jpg
1003908848,"Carisa  Petris MD, PhD",/membership/profile/1003908848/avatar.jpg
1003908504,Margaret Leslie Pfeiffer MD,/membership/profile/1003908504/avatar.jpg
1003909070,"Randal T.H. Pham MD, FACS",/membership/profile/1003909070/avatar.jpg
1003908451,Paul  Phelps MD,/membership/profile/1003908451/avatar.jpg
1003908778,Margaret E. Phillips MD,/membership/profile/1003908778/avatar.jpg
1003909387,"Jerry K. Popham MD, FACS",/membership/profile/1003909387/avatar.jpg
1003909286,Jeffrey C. Popp MD,/membership/profile/1003909286/avatar.jpg
1003909300,Amiya  Prasad MD,/membership/profile/1003909300/avatar.jpg
1003909243,David V Pratt MD,/membership/profile/1003909243/avatar.jpg
1003908488,Mark  Prendes MD,/membership/profile/1003908488/avatar.jpg
1003909240,Paul  Proffer MD,/membership/profile/1003909240/avatar.jpg
1003909584,Polly A. Purgason MD,/membership/profile/1003909584/avatar.jpg
1003909517,Allen M. Putterman MD,/membership/profile/1003909517/avatar.jpg
1003909572,Lawrence H. Quist MD,/membership/profile/1003909572/avatar.jpg
1003909027,Michael Paul Rabinowitz MD,/membership/profile/1003909027/avatar.jpg
1003908509,Phillip M. A. Radke MD,/membership/profile/1003908509/avatar.jpg
1003909534,Gary T. Raflo MD,/membership/profile/1003909534/avatar.jpg
1003908728,"Fatemeh  Rajaii MD, PhD",/membership/profile/1003908728/avatar.jpg
1003908466,Sathyadeepak  Ramesh MD,/membership/profile/1003908466/avatar.jpg
1003908903,Nicholas A. Ramey MD,/membership/profile/1003908903/avatar.jpg
1003908500,Roshni U Ranjit-Reeves MD,/membership/profile/1003908500/avatar.jpg
1003909171,Nicholas T. Ranson MD,/membership/profile/1003909171/avatar.jpg
1003909546,J. Earl  Rathbun MD,/membership/profile/1003909546/avatar.jpg
1003908971,Harsha S. Reddy MD,/membership/profile/1003908971/avatar.jpg
1004847234,"David M. Reifler MD, FACS",/membership/profile/1004847234/avatar.jpg
1003909374,Chet E. Reistad MD,/membership/profile/1003909374/avatar.jpg
1003909063,David J. Remigio MD,/membership/profile/1003909063/avatar.jpg
1003909017,Daniel  Repp ,/membership/profile/1003909017/avatar.jpg
1003908449,Karen  Revere ,/membership/profile/1003908449/avatar.jpg
1003909539,Charles D. Rice MD,/membership/profile/1003909539/avatar.jpg
1003909648,Karina  Richani MD,/membership/profile/1003909648/avatar.jpg
1003908670,Michael J Richard MD,/membership/profile/1003908670/avatar.jpg
1003909111,Rand  Rodgers MD,/membership/profile/1003909111/avatar.jpg
1003909297,"Rene S. Rodriguez-Sains MD, FACS",/membership/profile/1003909297/avatar.jpg
1003909532,Janet L. Roen MD,/membership/profile/1003909532/avatar.jpg
1003909004,Daniel Benson Rootman MD,/membership/profile/1003909004/avatar.jpg
1003909204,"John G. Rose MD, MBA",/membership/profile/1003909204/avatar.jpg
1003909308,Carl Eli Rosen MD,/membership/profile/1003909308/avatar.jpg
1003909568,William J. Rosen MD,/membership/profile/1003909568/avatar.jpg
1003909293,Joseph J. Ross MD,/membership/profile/1003909293/avatar.jpg
1003909230,Richard E. Roth DO,/membership/profile/1003909230/avatar.jpg
1003909528,Robert  Rubenzik MD,/membership/profile/1003909528/avatar.jpg
1003909144,"Peter A.D. Rubin MD, FACS",/membership/profile/1003909144/avatar.jpg
1003908489,Tal  Rubinstein MD,/membership/profile/1003908489/avatar.jpg
1003909168,Mark C. Ruchman MD,/membership/profile/1003909168/avatar.jpg
1003908991,David J. Russell MD,/membership/profile/1003908991/avatar.jpg
1003908411,Priya D. Sahu MD,/membership/profile/1003908411/avatar.jpg
1003909107,Peter J. Sakol MD,/membership/profile/1003909107/avatar.jpg
1003909404,Noel D. Saks MD,/membership/profile/1003909404/avatar.jpg
1003908734,David B Samimi MD,/membership/profile/1003908734/avatar.jpg
1003909040,James C. Sanderson MD,/membership/profile/1003909040/avatar.jpg
1003909574,David H. Saunders MD,/membership/profile/1003909574/avatar.jpg
1003908761,"Aaron  Savar MD, FACS",/membership/profile/1003908761/avatar.jpg
1003909580,"David  Savar MD, FACS",/membership/profile/1003909580/avatar.jpg
1003908996,Louis  Savar MD,/membership/profile/1003908996/avatar.jpg
1003909318,"Daniel P. Schaefer MD, FACS",/membership/profile/1003909318/avatar.jpg
1003908515,Jamie L Schaefer MD,/membership/profile/1003908515/avatar.jpg
1003908969,Vivian  Schiedler MD,/membership/profile/1003908969/avatar.jpg
1003909569,"John J. Schietroma MD, FACS",/membership/profile/1003909569/avatar.jpg
1003909320,Jeffrey  Schiller MD,/membership/profile/1003909320/avatar.jpg
1003909571,Robert A. Schimek MD,/membership/profile/1003909571/avatar.jpg
1003909281,Dianne M . Schlachter MD,/membership/profile/1003909281/avatar.jpg
1003909283,Robert M. Schwarcz MD,/membership/profile/1003909283/avatar.jpg
1003908689,Ryan T Scruggs MD,/membership/profile/1003908689/avatar.jpg
1003908484,Kira Lauren Segal ,/membership/profile/1003908484/avatar.jpg
1003909054,David R. Segrest MD,/membership/profile/1003909054/avatar.jpg
1003909187,Bryan D. Seiff MD,/membership/profile/1003909187/avatar.jpg
1003908545,"Stuart R. Seiff MD, FACS",/membership/profile/1003908545/avatar.jpg
1003908950,Javier  Servat MD,/membership/profile/1003908950/avatar.jpg
1003908983,Pete  Setabutr MD,/membership/profile/1003908983/avatar.jpg
1003908966,"Solomon  Shaftel MD, PhD",/membership/profile/1003908966/avatar.jpg
1003909383,Hassan  Shah MD,/membership/profile/1003909383/avatar.jpg
1003908387,Yasmin  Shayesteh Chambers MD,/membership/profile/1003908387/avatar.jpg
1003909213,Todd R. Shepler MD,/membership/profile/1003909213/avatar.jpg
1003909142,Deborah D. Sherman MD,/membership/profile/1003909142/avatar.jpg
1003909055,Debra J. Shetlar MD,/membership/profile/1003909055/avatar.jpg
1003909343,Carl S. Shibata MD,/membership/profile/1003909343/avatar.jpg
1003909122,Jerry A. Shields MD,/membership/profile/1003909122/avatar.jpg
1003909175,Marc  Shields MD,/membership/profile/1003909175/avatar.jpg
1003908759,Roman  Shinder MD,/membership/profile/1003908759/avatar.jpg
1003909210,John W. Shore MD,/membership/profile/1003909210/avatar.jpg
1003909520,"Norman  Shorr MD, FACS",/membership/profile/1003909520/avatar.jpg
1003909386,Joseph  Shovlin MD,/membership/profile/1003909386/avatar.jpg
1003909028,Erin M. Shriver MD,/membership/profile/1003909028/avatar.jpg
1003908519,"Nora  Siegal MD, PhD",/membership/profile/1003908519/avatar.jpg
1003909391,Scott C. Sigler MD,/membership/profile/1003909391/avatar.jpg
1003909307,"Rona Z. Silkiss MD, FACS",/membership/profile/1003909307/avatar.jpg
1003908751,Daniel T. Sines MD,/membership/profile/1003908751/avatar.jpg
1003909542,"David J.B. Singer MD, FACS",/membership/profile/1003909542/avatar.jpg
1003908629,"Bryan S. Sires MD, PhD, FACS",/membership/profile/1003908629/avatar.jpg
1003908819,Dimitrios  Sismanis MD,/membership/profile/1003908819/avatar.jpg
1003908595,Jennifer A. Sivak-Callcott MD,/membership/profile/1003908595/avatar.jpg
1003909223,Bentley C. Skibell MD,/membership/profile/1003909223/avatar.jpg
1003909421,Charles B. Slonim MD,/membership/profile/1003909421/avatar.jpg
1003909557,Barry R. Smith MD,/membership/profile/1003909557/avatar.jpg
1003909341,Eugene M. Smith MD,/membership/profile/1003909341/avatar.jpg
1003909198,"John W. Snead MD, FACS",/membership/profile/1003909198/avatar.jpg
1003909334,Peter J. Sneed MD,/membership/profile/1003909334/avatar.jpg
1003908754,Matthew  Sniegowski MD,/membership/profile/1003908754/avatar.jpg
1003908712,Rachel K. Sobel MD,/membership/profile/1003908712/avatar.jpg
1003908457,Mahsa Ava Sohrab MD,/membership/profile/1003908457/avatar.jpg
1003908956,Jason A Sokol MD,/membership/profile/1003908956/avatar.jpg
1003909045,"Stephen M. Soll MD, FACS",/membership/profile/1003909045/avatar.jpg
1003908468,Marie  Somogyi MD,/membership/profile/1003908468/avatar.jpg
1003909385,Alice  Song MD,/membership/profile/1003909385/avatar.jpg
1003909249,"Charles N.S. Soparkar MD, PhD, FACS",/membership/profile/1003909249/avatar.jpg
1003909419,Galin J. Spicer MD,/membership/profile/1003909419/avatar.jpg
1003908891,Jordan David Spindle MD,/membership/profile/1003908891/avatar.jpg
1003909060,Paul T. Stallman MD,/membership/profile/1003909060/avatar.jpg
1003908694,Natalie A. Stanciu MD,/membership/profile/1003908694/avatar.jpg
1003908467,Victoria  Starks MD,/membership/profile/1003908467/avatar.jpg
1003909166,Eric A. Steele MD,/membership/profile/1003909166/avatar.jpg
1003908569,Mary A. Stefanyszyn-Woldin MD,/membership/profile/1003908569/avatar.jpg
1003909064,Kenneth D. Steinsapir MD,/membership/profile/1003909064/avatar.jpg
1003909128,Christopher  Stephenson MD,/membership/profile/1003909128/avatar.jpg
1003909545,William B. Stewart MD,/membership/profile/1003909545/avatar.jpg
1003908703,Daniel  Straka MD,/membership/profile/1003908703/avatar.jpg
1003909377,Grant W. Su MD,/membership/profile/1003909377/avatar.jpg
1003909130,John H. Sullivan MD,/membership/profile/1003909130/avatar.jpg
1003909093,Scot A. Sullivan MD,/membership/profile/1003909093/avatar.jpg
1003909136,Francis C. Sutula MD,/membership/profile/1003909136/avatar.jpg
1003908798,Mehryar  Taban MD,/membership/profile/1003908798/avatar.jpg
1003908485,Jeremy Francis Tan MD,/membership/profile/1003908485/avatar.jpg
1003909196,Myron  Tanenbaum MD,/membership/profile/1003909196/avatar.jpg
1003909087,Thomas M. Tann MD,/membership/profile/1003909087/avatar.jpg
1003908589,"Jeremiah P. Tao MD, FACS",/membership/profile/1003908589/avatar.jpg
1003909098,Kristin J. Tarbet MD,/membership/profile/1003909098/avatar.jpg
1003909233,Manoj M. Thakker MD,/membership/profile/1003909233/avatar.jpg
1003908850,"Chris  Thiagarajah MD, FACS",/membership/profile/1003908850/avatar.jpg
1003909260,Dilip A. Thomas MD,/membership/profile/1003909260/avatar.jpg
1003908428,Preeti  Thyparampil MD,/membership/profile/1003908428/avatar.jpg
1003909163,Peter  Timoney MD,/membership/profile/1003909163/avatar.jpg
1003909159,John  Tong MD,/membership/profile/1003909159/avatar.jpg
1003909156,Robert  Tower MD,/membership/profile/1003909156/avatar.jpg
1003909245,Daniel J. Townsend MD,/membership/profile/1003909245/avatar.jpg
1003908446,Brian  Tse MD,/membership/profile/1003908446/avatar.jpg
1003908566,"David T. Tse MD, FACS",/membership/profile/1003908566/avatar.jpg
1003909220,Susan M. Tucker MD,/membership/profile/1003909220/avatar.jpg
1003909086,Nicolas  Uzcategui MD,/membership/profile/1003909086/avatar.jpg
1003908672,M. Reza  Vagefi MD,/membership/profile/1003908672/avatar.jpg
1004847493,John  Van Gemert ,/membership/profile/1004847493/avatar.jpg
1003908454,Suzanne W van Landingham MD,/membership/profile/1003908454/avatar.jpg
1003909238,Douglas J Van Putten ,/membership/profile/1003909238/avatar.jpg
1003909041,"Angela  Veloudios MD, FACS",/membership/profile/1003909041/avatar.jpg
1003909132,Kenneth P. Vestal MD,/membership/profile/1003909132/avatar.jpg
1003909261,Matthew G. Vicinanzo MD,/membership/profile/1003909261/avatar.jpg
1003909155,Valerie L. Vick MD,/membership/profile/1003909155/avatar.jpg
1003908431,William R. Vickers MD,/membership/profile/1003908431/avatar.jpg
1003908444,Ana Carolina  Victoria MD,/membership/profile/1003908444/avatar.jpg
1003908872,Ira A. Vidor MD,/membership/profile/1003908872/avatar.jpg
1003908422,"Ivan  Vrcek MD, FACS",/membership/profile/1003908422/avatar.jpg
1003908481,Lilly Helene Wagner MD,/membership/profile/1003908481/avatar.jpg
1003909424,Ronald E. Warwar MD,/membership/profile/1003909424/avatar.jpg
1003908502,Alison Huggins Watson MD,/membership/profile/1003908502/avatar.jpg
1003909316,"David A. Weinberg MD, FACS",/membership/profile/1003909316/avatar.jpg
1003908547,Timothy S. Wells MD,/membership/profile/1003908547/avatar.jpg
1003909358,"Michael G. Welsh MD, FACS",/membership/profile/1003909358/avatar.jpg
1003909516,Ralph E. Wesley MD,/membership/profile/1003909516/avatar.jpg
1003909030,Sara Tullis Wester MD,/membership/profile/1003909030/avatar.jpg
1003908867,Katherine M. Whipple ,/membership/profile/1003908867/avatar.jpg
1003909180,William L. White MD,/membership/profile/1003909180/avatar.jpg
1003909540,"T. David I. Wilkes MD, FACS",/membership/profile/1003909540/avatar.jpg
1003909558,Robert B. Wilkins MD,/membership/profile/1003909558/avatar.jpg
1003909397,Brian  Willoughby MD,/membership/profile/1003909397/avatar.jpg
1004847504,Martha  Wilson ,/membership/profile/1004847504/avatar.jpg
1003909215,"Matthew W. Wilson MD, FACS",/membership/profile/1003909215/avatar.jpg
1003908479,Kathryn Paula Winkler MD,/membership/profile/1003908479/avatar.jpg
1003909022,Bryan J. Winn MD,/membership/profile/1003909022/avatar.jpg
1003909141,David L. Wirta MD,/membership/profile/1003909141/avatar.jpg
1003908586,"Edward J. Wladis MD, FACS",/membership/profile/1003908586/avatar.jpg
1003909177,Ted H. Wojno MD,/membership/profile/1003909177/avatar.jpg
1003909370,Troy J. Woodman MD,/membership/profile/1003909370/avatar.jpg
1003908646,Julie A. Woodward MD,/membership/profile/1003908646/avatar.jpg
1003909581,John J. Woog MD,/membership/profile/1003909581/avatar.jpg
1003908680,Michael  Worley MD,/membership/profile/1003908680/avatar.jpg
1003909222,"Albert Y. Wu MD, PhD, FACS",/membership/profile/1003909222/avatar.jpg
1003909217,"Allan E. Wulc MD, FACS",/membership/profile/1003909217/avatar.jpg
1003909077,Rex A. Yannis MD,/membership/profile/1003909077/avatar.jpg
1003909567,John G. Yassin MD,/membership/profile/1003909567/avatar.jpg
1003908555,R. Patrick  Yeatts MD,/membership/profile/1003908555/avatar.jpg
1003908540,Michael T. Yen MD,/membership/profile/1003908540/avatar.jpg
1003908447,Marc  Yonkers ,/membership/profile/1003908447/avatar.jpg
1003908600,Michael K. Yoon MD,/membership/profile/1003908600/avatar.jpg
1003909412,"Omaya H. Youssef MD, MBA, FACS",/membership/profile/1003909412/avatar.jpg
1003909362,Renzo A. Zaldivar MD,/membership/profile/1003909362/avatar.jpg
1003908834,Chad C Zatezalo MD,/membership/profile/1003908834/avatar.jpg
1003908701,Sandy X. Zhang-Nunes MD,/membership/profile/1003908701/avatar.jpg
1003909119,Christine L. Zolli MD,/membership/profile/1003909119/avatar.jpg
1003908886,Christopher I. Zoumalan MD,/membership/profile/1003908886/avatar.jpg
1003909332,Orin M. Zwick MD,/membership/profile/1003909332/avatar.jpg
